Workbook

Sheet Test Cases
A1: ID | B1: Title | C1: Precondition | D1: Steps | E1: Test Data | F1: Expected Result | G1: Actual Result | H1: Status | I1: Requirement | J1: Type | K1: Priority | L1: Interface
A2: TC-001 | B2: Manager logs in with valid credentials | C2: Seeded DB (python manage.py seed_demo), server running at http://127.0.0.1:8000; user is logged out | D2: 1. Go to /app/login/; 2. Enter username and password; 3. Click Sign in | E2: username: manager1; password: Demo@12345 | F2: Redirected to /app/ (dashboard); header shows "Mia Manager" with role "Manager"; sidebar shows Customers and Reports links | G2: Logged in as admin. Redirected to the dashboard (Overview page). Header shows "Mia Manager" with role "Manager". Sidebar shows Dashboard, Work Orders, Customers and Reports. | H2: Pass | I2: Authentication & access | J2: Positive | K2: High | L2: UI
A3: TC-002 | B3: Login fails with wrong password | C3: Seeded DB (python manage.py seed_demo), server running at http://127.0.0.1:8000 | D3: 1. Go to /app/login/; 2. Enter valid username and wrong password; 3. Click Sign in | E3: username: manager; password: demo@1456 | F3: Message "Invalid username or password." shown; user stays on login page; no session created | G3: Entered username admin and wrong password demo@1456, then clicked Sign in. The login page reloaded with the red message "Invalid username or password." The user stayed on /app/login/ and was not logged in. The username field was cleared. | H3: Pass | I3: Authentication & access | J3: Negative | K3: Medium | L3: UI
A4: TC-003 | B4: Obtain token with valid credentials | C4: Seeded DB (python manage.py seed_demo), server running at http://127.0.0.1:8000 | D4: 1. POST /api/auth/token/ with form fields username and password | E4: username: customer1; password: Demo@12345 | F4: 200; JSON contains a non-empty "token" key | G4: POST /api/auth/token/ with username customer1 and password Demo@12345 succeeded (200 OK) and returned a non-empty "token" (40-character value). | H4: Pass | I4: Authentication & access | J4: Positive | K4: High | L4: API
A5: TC-004 | B5: List work orders without credentials | C5: Seeded DB (python manage.py seed_demo), server running at http://127.0.0.1:8000 | D5: 1. GET /api/work-orders/ with no Authorization header | E5: - | F5: 401 Unauthorized; no data returned | G5: GET /api/work-orders/ with no Authorization header returned 401 Unauthorized with {"detail":"Authentication credentials were not provided."}. No work order data was returned. | H5: Pass | I5: Authentication & access | J5: Security | K5: High | L5: API
A6: TC-005 | B6: Customer creates a request with all fields | C6: Seeded DB (python manage.py seed_demo), server running at http://127.0.0.1:8000; logged in as customer1 | D6: 1. Click '+ New work order'; 2. Fill title, description, priority, location; 3. Click Create work order | E6: title: Leaking pipe in kitchen; description: Water dripping under the sink since morning; priority: High; location: Building B, Room 12 | F6: Redirect to new order detail; message "Service request created successfully."; status Open; customer = Cara Client; technician Unassigned; priority High; history shows Created by customer1 | G6: Logged in as customer1 and created a request with the given data. Redirected to the new order detail page. Message "Service request created successfully." Status Open, customer Cara Client, technician Unassigned, priority High. Activity history shows Created by customer1. | H6: Pass | I6: Service request creation | J6: Positive | K6: High | L6: UI
A7: TC-006 | B7: Whitespace-only title is rejected by the server | C7: Seeded DB (python manage.py seed_demo), server running at http://127.0.0.1:8000; logged in as customer1 | D7: 1. Enter spaces only in Title; 2. Fill description and priority; 3. Submit | E7: title: " "; description: Test; priority: Low | F7: Form redisplayed with "Title is required."; no record created | G7: Form redisplayed with "Title is required."; no record created | H7: Pass | I7: Service request creation | J7: Negative | K7: Medium | L7: UI
A8: TC-007 | B8: Missing priority | C8: Seeded DB (python manage.py seed_demo), server running at http://127.0.0.1:8000; token for the user obtained | D8: 1. POST as customer1 without priority | E8: {"title":"t","description":"d"} | F8: 400; priority required | G8: 400 Bad Request; priority is required; no record created. | H8: Pass | I8: Priority management | J8: Negative | K8: High | L8: API
A9: TC-008 | B9: Customer cannot spoof customer_id | C9: Seeded DB (python manage.py seed_demo), server running at http://127.0.0.1:8000; token for the user obtained | D9: 1. POST as customer1 including customer_id of customer2 | E9: customer_id: <customer2 id> | F9: 201; order belongs to customer1; customer2 cannot see it | G9: 201 Created; order ID 11 was created and belongs to customer1 (customer_id 5), despite sending customer_id 6 | H9: Pass | I9: Service request creation | J9: Security | K9: High | L9: API
A10: TC-009 | B10: Technician cannot create | C10: Seeded DB (python manage.py seed_demo), server running at http://127.0.0.1:8000; token for the user obtained | D10: 1. POST as tech1 with valid body | E10: valid body | F10: 403 "Technicians cannot create customer requests." | G10: 403 with Technicians cannot create customer requests. | H10: Pass | I10: Role-based permissions | J10: Negative | K10: High | L10: API
A11: TC-010 | B11: Manager creates for a valid customer | C11: Seeded DB (python manage.py seed_demo), server running at http://127.0.0.1:8000; token for the user obtained | D11: 1. POST as manager1 with customer_id of customer2 | E11: customer_id: <customer2 id> | F11: 201; customer on the order = customer2; history CREATED actor manager1 | G11: 201; order 12 customer_id=6; history CREATED actor_id=2 | H11: Pass | I11: Customer management | J11: Positive | K11: Medium | L11: API
A12: TC-011 | B12: Manager assigns technician | C12: Seeded DB (python manage.py seed_demo), server running at http://127.0.0.1:8000; token for the user obtained; OPEN order id X | D12: 1. POST /api/work-orders/X/assign/ as manager1 | E12: {"technician_id":<tech1 id>,"note":"North region"} | F12: 200; technician = tech1; status ASSIGNED; history has ASSIGNED event with note | G12: 200; tech1 assigned; status ASSIGNED; ASSIGNED history with "North region" | H12: Pass | I12: Technician assignment | J12: Positive | K12: High | L12: API
... A26: TC-026 | B26: Every action is recorded in order | C26: Seeded DB (python manage.py seed_demo), server running at http://127.0.0.1:8000; token for the user obtained; new order | D26: 1. Create order; 2. Assign technician; 3. Move to In progress; 4. Add comment; 5. Upload attachment; 6. Change priority; 7. Move to Completed | E26: - | F26: GET order shows history oldest first: CREATED, ASSIGNED, STATUS_CHANGED, COMMENTED, ATTACHMENT_ADDED, PRIORITY_CHANGED, STATUS_CHANGED; each with correct actor and timestamp; UI Activity history shows the same sequence | G26: GET order history and UI Activity History show all actions in chronological order: CREATED, ASSIGNED, STATUS_CHANGED, COMMENTED, ATTACHMENT_ADDED, PRIORITY_CHANGED, STATUS_CHANGED, with correct actors and timestamps. | H26: Pass | I26: Work history | J26: Positive | K26: High | L26: UI

Sheet Summary
A1: Execution and coverage summary
A3: Status | B3: Count
A4: Pass | B4: =COUNTIF('Test Cases'!$H$2:$H$26,A4) -> 25
A5: Fail | B5: =COUNTIF('Test Cases'!$H$2:$H$26,A5) -> 0
A6: Blocked | B6: =COUNTIF('Test Cases'!$H$2:$H$26,A6) -> 0
A7: Not Run | B7: =COUNTIF('Test Cases'!$H$2:$H$26,A7) -> 0
A8: Total | B8: =SUM(B4:B7) -> 25
A9: Pass rate of executed | B9: =IFERROR(B4/(B8-B7),0) -> 1
A11: By type
A12: Type | B12: Cases
A13: Positive | B13: =COUNTIF('Test Cases'!$J$2:$J$26,A13) -> 7
A14: Negative | B14: =COUNTIF('Test Cases'!$J$2:$J$26,A14) -> 6
A15: Workflow | B15: =COUNTIF('Test Cases'!$J$2:$J$26,A15) -> 1
A16: Workflow negative | B16: =COUNTIF('Test Cases'!$J$2:$J$26,A16) -> 3
A17: Security | B17: =COUNTIF('Test Cases'!$J$2:$J$26,A17) -> 8
A19: By requirement
A20: Requirement | B20: Cases
A21: Authentication & access | B21: =COUNTIF('Test Cases'!$I$2:$I$26,A21) -> 4
A22: Service request creation | B22: =COUNTIF('Test Cases'!$I$2:$I$26,A22) -> 3
A23: Priority management | B23: =COUNTIF('Test Cases'!$I$2:$I$26,A23) -> 1
A24: Role-based permissions | B24: =COUNTIF('Test Cases'!$I$2:$I$26,A24) -> 3
A25: Customer management | B25: =COUNTIF('Test Cases'!$I$2:$I$26,A25) -> 2
A26: Technician assignment | B26: =COUNTIF('Test Cases'!$I$2:$I$26,A26) -> 4
A27: Status management | B27: =COUNTIF('Test Cases'!$I$2:$I$26,A27) -> 5
A28: Work order management | B28: =COUNTIF('Test Cases'!$I$2:$I$26,A28) -> 1
A29: Comments / notes | B29: =COUNTIF('Test Cases'!$I$2:$I$26,A29) -> 0
A30: Attachments | B30: =COUNTIF('Test Cases'!$I$2:$I$26,A30) -> 0
A31: Basic reports | B31: =COUNTIF('Test Cases'!$I$2:$I$26,A31) -> 1
A32: Work history | B32: =COUNTIF('Test Cases'!$I$2:$I$26,A32) -> 1
A34: By interface
A35: Interface | B35: Cases
A36: UI | B36: =COUNTIF('Test Cases'!$L$2:$L$26,A36) -> 6
A37: API | B37: =COUNTIF('Test Cases'!$L$2:$L$26,A37) -> 18
A38: Admin | B38: =COUNTIF('Test Cases'!$L$2:$L$26,A38) -> 1
